{"data":{"exchanger":[null,{"name":"indodax","website":"http:\/\/www.indodax.com","rate":{"usd":"7.089,45","idr":"97.498.000,00"},"volume":"556,96","high":"7.817,05","low":"6.802,52"},{"name":"bittrex","website":"http:\/\/www.bittrex.com","rate":{"usd":"6.928,88","idr":"95.289.765,92"},"volume":"7.536,72","high":"7.639,99","low":"6.612,00"},{"name":"livecoin","website":"http:\/\/www.bittrex.com","rate":{"usd":"7.389,09","idr":"101.618.881,94"},"volume":"1.478,48","high":"8.100,00","low":"7.183,00"},{"name":"bitfinex","website":"http:\/\/www.bitfinex.com","rate":{"usd":"6.927,80","idr":"95.274.915,89"},"volume":"101.618,46","high":"7.651,90","low":"6.614,93"},{"name":"hitbtc","website":"http:\/\/www.hitbtc.com","rate":{"usd":"7.254,93","idr":"99.773.787,57"},"volume":"6.921,76","high":"7.789,45","low":"7.034,71"},{"name":"bitstamp","website":"http:\/\/www.bitstamp.com","rate":{"usd":"6.901,01","idr":"94.906.485,08"},"volume":"30.647,67","high":"7.661,87","low":"6.550,00"}],"average":{"usd":"6.070,17","idr":"83.480.262,34","volume":"21.251,44","high":"6.665,75","low":"5.828,17"}}}
